{
	"id": "c218361a-bfb2-480a-bc14-5858a9552c9c",
	"name": "onelondon",
	"values": [
		{
			"key": "terminology-server",
			"value": "https://ontology.onelondon.online/authoring/fhir",
			"enabled": true
		},
		{
			"key": "client_id",
			"value": "david-consumer-system",
			"enabled": true
		},
		{
			"key": "client_secret",
			"value": "19f3f0a1-b394-4080-b44c-f6794013ecdb",
			"enabled": true
		},
		{
			"key": "token",
			"value": "",
			"enabled": true
		}
	],
	"_postman_variable_scope": "environment",
	"_postman_exported_at": "2023-05-04T13:57:29.114Z",
	"_postman_exported_using": "Postman/10.13.5"
}